dose(log nM),relative Ga
-1,0.025329815
0,0.145646438
0.3,0.265963061
0.7,0.497097625
1,0.759894459
1.3,1.000527704
1.7,1.019525066
2,1.029023747